"TITLE","ARTICLE LINK","PUBLISHED DATE (GMT)","AUTHOR","PUBLISHER","COUNTRY","CATEGORY","LANGUAGE","DESCRIPTION","IMAGE URL","VIDEO URL"
"""Aura Minerals acquires Bluestone Resources""","https://www.miningweekly.com/article/aura-minerals-acquires-bluestone-resources-2024-10-29","2024-10-29 08:51:00","Creamer Media Reporter","Australasia Global Mining News","United States Of America","Business","English","TSX-listed Aura Minerals has announced the acquisition of TSX-V-listed Bluestone Resources, gaining the Cerro Blanco gold project and the adjacent Mita geothermal project in Guatemala.The cash-and-stock transaction values Bluestone at C$0.50 a share, which is a 40% premium to the volume-weighted average share price of the company for the 25 days ended October 24, representing a total enterprise value of up to $74.3-million.","",""
"""Starbucks' Chinese Rival Luckin Coffee Plans US Comeback With $2 Drinks After Fraud Scandal That Led To Its Nasdaq Delisting: Report""","https://www.benzinga.com/markets/asia/24/10/41593032/starbucks-chinese-rival-luckin-coffee-plans-us-comeback-with-2-drinks-after-fraud-scandal-that-led-t","2024-10-29 08:49:40","Benzinga Neuro","Benzinga","United States Of America","Top","English","China’s largest coffee chain, Luckin Coffee (OTC:LKNCY), is preparing to enter the U.S. market, aiming to challenge rivals, including Starbucks Corp. (NASDAQ:SBUX), with its low-cost beverages. This move follows a fraud scandal that led to Luckin’s delisting from Nasdaq and a hefty fine.What Happened: Luckin Coffee, which became China’s biggest coffee chain during the COVID-19 pandemic, is now looking to make a mark in the U.S. The company, which was delisted from Nasdaq and fined $180 million due to a fraud scandal, is planning to launch in the U.S. as early as next year, reported the Financial Times, citing two people familiar with the matter.Luckin, which opened its 20,000th store in China in ...Full story available on Benzinga.com","https://cdn.benzinga.com/files/images/story/2024/10/29/Beijing--China---Sep-14--2023-A-Luckin-C.jpeg?auto=jpg&dpr=1&fit=crop&height=480&optimize=medium&width=720",""
"""How to Find the Right Event for Your Brand""","https://www.recentlyheard.com/how-to-find-the-right-event-for-your-brand/","2024-10-29 08:48:29","RecentlyHeard","Recentlyheard","United States Of America","Business","English","Creator Daybreak Ellis Printed March 3, 2020 Phrase rely 1,125 In response to the Occasion Advertising and marketing 2019: Benchmarks and Developments Report, most entrepreneurs imagine occasion advertising and marketing is the single-most efficient channel for attaining enterprise objectives. The identical report discovered that the variety of corporations organising 20 or extra occasions per yr ... Read moreThe post How to Find the Right Event for Your Brand appeared first on RecentlyHeard: Timely Updates on News, Politics, and Stories Unfolding Across the United States.","https://i0.wp.com/www.recentlyheard.com/wp-content/uploads/2024/04/Unveiling-the-Power-of-The-Best-Supplements-Online-for-Weight.webp.webp?fit=1140%2C855&ssl=1",""
"""China's factory activity likely contracted in Oct for a sixth month: Reuters poll""","https://www.investing.com/news/economy-news/chinas-factory-activity-likely-contracted-in-oct-for-a-sixth-month-3687429","2024-10-29 08:45:49","Reuters","Investing Us","United States Of America","Business","English","","https://i-invdn-com.investing.com/trkd-images/LYNXMPEK9S096_L.jpg",""
"""Tesla Price Prediction: Will TSLA Maintain Post-Earnings Momentum?""","https://news.investingcube.com/tesla-price-prediction-will-tsla-maintain-post-earnings-momentum/","2024-10-29 08:45:09","Lilly Mwogah","News Investingcube","United States Of America","Business","English","Tesla (NASDAQ: TSLA) surged by 22% last week following strong Q3 2024 earnings, but as of today, it’s trading lower at $262.51, down 2.48% from the previous close. The recent drop hints at profit-taking, though overall momentum remains bullish after its impressive earnings beat. Key Q3 Earnings Highlights Key Technical Levels Market Sentiment Outlook & Conclusion: Is TSLA Charging Up for Another Run? Tesla’s post-earnings rally might have taken a pit stop today, but that doesn’t mean the ride is [...]The post Tesla Price Prediction: Will TSLA Maintain Post-Earnings Momentum? appeared first in UK on InvestingCube.","https://news.investingcube.com/wp-content/uploads/2020/09/tesla-1.jpg",""
"""Inn at Foster Falls receives Virginia Historic Preservation Award""","https://roanoke.com/news/local/business/inn-at-foster-falls-receives-virginia-historic-preservation-award/article_9bf0fce4-956a-11ef-b91d-83f7d75a7cdf.html","2024-10-29 08:45:00","","Roanoke","United States Of America","Business","English","The Inn at Foster Falls, located within New River Trail State Park, received a 2024 Virginia Historic Preservation Award.","https://bloximages.newyork1.vip.townnews.com/roanoke.com/content/tncms/assets/v3/editorial/7/49/749cae3a-956b-11ef-8c45-1734c76cac96/653ff290f0405.image.jpg?resize=300%2C200",""
"""Alphabet to report, Ford's profit outlook, oil steadies - what's moving markets""","https://www.investing.com/news/economy-news/alphabet-to-report-fords-profit-outlook-oil-steadies--whats-moving-markets-3687435","2024-10-29 08:43:06","Investing.com","Investing Us","United States Of America","Business","English","","",""
"""EUR/USD Bears Losing Steam? Move Above 1.08 Suggests Bulls May Be Ready to Step In""","https://www.investing.com/analysis/eurusd-bears-losing-steam-move-above-108-suggests-bulls-may-be-ready-to-step-in-200653531","2024-10-29 08:43:00","Investing.com","Investing Us","United States Of America","Business","English","","",""
"""Swedish economy in recession, preliminary data shows""","https://www.investing.com/news/economic-indicators/swedish-economy-in-recession-preliminary-data-shows-3687434","2024-10-29 08:41:54","Reuters","Investing Us","United States Of America","Business","English","","https://i-invdn-com.investing.com/trkd-images/LYNXMPEK9S09H_L.jpg",""
"""Exclusive-Eyeing US election, China considers over $1.4 trillion in extra debt over next few years, say sources""","https://www.investing.com/news/economy-news/exclusiveeyeing-us-election-china-considers-over-14-trillion-in-extra-debt-over-next-few-years-say-sources-3687427","2024-10-29 08:41:29","Reuters","Investing Us","United States Of America","Business","English","","https://i-invdn-com.investing.com/trkd-images/LYNXMPEK9S097_L.jpg",""
