Unnamed: 0,token
7,persistent
13,spots
17,scriber
93,chant
146,controlled
247,ulu
264,crypt
291,nts
304,models
328,window
344,reload
347,complex
386,quoted
430,means
459,master
479,quote
482,builder
506,simulation
620,plaint
640,drawing
642,others
677,albums
681,cad
704,lop
722,trying
831,daemon
838,ethnic
854,teen
869,accumulate
874,advert
875,permissions
878,flush
895,bishop
901,brig
928,pat
990,unit
1056,peat
1081,col
1141,skin
1189,apply
1192,night
1216,initialized
1232,pitch
1297,argon
1301,circle
1341,elves
1365,proved
1370,por
1376,generic
1410,us
1457,shadow
1500,blocks
1509,walk
1521,teacher
1528,receive
1529,broker
1533,rei
1569,symbols
1574,birds
1586,woo
1666,mentions
1672,inc
1681,wait
1693,elapsed
1730,gram
1733,repositories
1735,typically
1738,install
1741,books
1748,announcement
1753,survey
1774,pong
1782,owed
1794,rise
1819,secondary
1859,badge
1869,chants
1912,nip
1930,see
1993,leader
1999,fell
2037,how
2046,plant
2051,equals
2090,loaded
2110,tests
2124,lecture
2126,war
2146,average
2162,edition
2184,layers
2222,loon
2241,seek
2260,oust
2319,acts
2322,et
2324,new
2333,berry
2351,endo
2353,remove
2362,allowed
2366,pipeline
2409,protocol
2486,inion
2526,why
2546,handling
2554,facet
2579,building
2586,etch
2615,chosen
2635,terrorism
2639,cores
2647,came
2649,expand
2650,kind
2666,conscious
2671,demo
2685,modifiers
2721,bras
2729,ires
2762,cars
2836,graphic
2850,armed
2852,ups
2861,trees
2896,boo
2900,ample
2919,extensions
2938,spawn
2943,click
2971,cents
3035,texts
3068,per
3069,stay
3077,axis
3094,pawn
3100,fortunate
3108,city
3109,gas
3127,grave
3149,successful
3152,stub
3160,conversation
3199,bring
3241,pees
3261,columns
3264,sample
3275,what
3318,pliers
3336,visualization
3346,aria
3378,repository
3382,specified
3409,approval
3417,direct
3428,command
3440,spark
3465,pone
3482,dent
3484,hip
3499,comment
3563,cannot
3570,shares
3595,purpose
3612,spec
3628,led
3642,upgrade
3644,loan
3648,hoot
3653,wiki
3669,days
3672,boards
3674,agger
3723,vanished
3740,finding
3744,pie
3815,unknown
3864,writers
3873,pattern
3935,entrant
3959,talk
3970,airy
3988,ors
4043,prising
4051,gets
4063,warehouse
4096,kg
4097,work
4130,translation
4184,incorrect
4233,within
4245,equality
4246,selectors
4268,made
4277,legate
4288,blood
4296,variables
4298,tracker
4312,explained
4340,ear
4361,pink
4376,speaker
4380,mare
4384,overlay
4389,pics
4459,interpreted
4461,forgot
4474,helm
4485,wend
4495,daily
4528,msg
4549,quake
4550,so
4566,leaf
4605,cock
4626,participant
4638,renal
4640,commend
4644,content
4655,contains
4681,properties
4718,values
4737,common
4781,also
4795,mutable
4805,array
4815,much
4816,economic
4860,bye
4866,logged
4869,headers
4925,nett
4948,authority
4969,executor
4976,duplicate
4985,parser
4993,simple
5021,vascular
5022,tank
5025,apple
5029,criteria
5047,sprites
5064,for
5097,native
5133,subtract
5147,continue
5157,distributed
5177,shopping
5211,engine
5235,animals
5237,spirit
5239,serial
5244,emergency
5276,effects
5284,damn
5311,segment
5339,raise
5385,permission
5415,sip
5424,cursor
5469,ch
5501,tables
5517,was
5523,bows
5540,grams
5547,testing
5570,parcel
5578,munition
5607,micro
5641,tic
5650,notify
5701,violent
5704,storm
5726,forces
5743,ghost
5871,sector
5880,authentication
5901,ion
5914,mania
5915,mini
5925,corp
5968,underline
6005,formats
6007,opens
6047,trust
6048,sweet
6070,notations
6117,orts
6153,rim
6172,missions
6175,details
6179,construction
6192,followers
6209,lob
6215,dump
6239,cant
6278,joining
6285,jump
6302,backs
6328,open
6335,hr
6342,quick
6344,yen
6366,attachments
6387,movie
6399,degrees
6423,bi
6449,inherit
6478,breaker
6479,mile
6503,units
6545,tweets
6612,individual
6626,slides
6687,success
6688,addle
6693,increments
6701,pole
6730,dispatcher
6732,lifting
6739,sit
6744,stuff
6780,abc
6784,apps
6792,udder
6808,implode
6879,lamp
6890,advanced
6909,interested
6977,thrown
6981,compass
7000,ape
7005,mart
7006,max
7032,
7062,world
7066,out
7081,index
7152,datable
7160,det
7178,dept
7227,elle
7235,older
7246,navigator
7283,selected
7284,label
7322,clean
7336,oration
7349,where
7360,qui
7375,linger
7389,living
7403,safe
7407,pared
7435,lean
7444,spacing
7451,working
7465,classification
7472,monthly
7488,signed
7500,hand
7501,win
7526,excluding
7548,waiting
7551,ext
7590,employ
7596,freeze
7614,dash
7617,flt
7659,incident
7663,movement
7668,fiction
7691,protein
7697,odor
7714,aim
7723,anything
7739,pile
7746,matches
7770,prior
7781,listen
7803,nar
7813,ripple
7829,options
7881,featured
7981,thro
8012,washing
8018,wall
8037,shed
8045,buyer
8046,covered
8050,paper
8087,in
8096,rear
8129,tails
8133,credentials
8149,swing
8166,teachers
8188,abies
8195,manual
8218,tag
8223,either
8224,friendly
8229,nice
8238,intestinal
8275,link
8299,academic
8340,subscribe
8367,ego
8368,ware
8372,ling
8398,only
8427,large
8432,such
8455,relay
8470,oracle
8498,cosa
8503,iterated
8518,secret
8526,ontology
8533,network
8543,reserve
8568,computer
8581,flat
8585,consider
8614,specific
8622,she
8637,update
8649,sin
8669,deliver
8673,eligible
8706,valid
8718,rub
8759,semantic
8766,suffix
8777,identified
8793,men
8821,starts
8851,district
8871,liable
8879,suit
8922,limit
8943,one
8975,quarters
9094,receipt
9096,breaking
9114,lope
9133,apes
9195,reply
9196,include
9202,hours
9205,hq
9248,scaling
9265,assume
9354,credits
9381,support
9417,specs
9435,ern
9467,captures
9481,sensor
9501,laws
9594,winter
9604,kills
9611,encoding
9642,inventory
9655,if
9662,international
9718,language
9719,therapy
9731,sum
9774,logical
9775,alar
9797,amine
9807,point
9820,hung
9828,provide
9887,catch
9904,credit
9905,belie
9907,arks
9927,biology
9953,license
9954,cum
9968,enders
9988,generate
9995,flows
10000,adaptive
10009,forest
10060,cent
10067,well
10096,agate
10099,agenda
10115,bars
10132,etc
10145,lam
10186,drop
10194,administration
10220,installer
10237,global
10249,suggest
10271,ignite
10284,hawk
10292,intersection
10294,attended
10326,methods
10327,output
10345,fill
10376,organizations
10386,free
10449,textures
10461,energy
10466,arias
10482,chem
10490,foreground
10505,scale
10508,vertex
10538,claim
10572,representation
10591,follower
10593,motor
10613,now
10627,appropriate
10662,matic
10665,invite
10671,fish
10708,byte
10731,poses
10733,requests
10845,contrast
10867,fighter
10868,mouth
10902,translate
10913,eld
10930,located
10954,doc
10982,fleet
11001,shield
11020,conversion
11045,connexion
11072,ascending
11081,stance
11083,coat
11117,owing
11130,agree
11137,void
11142,experimental
11153,verbosity
11167,discover
11169,tenant
11174,matched
11208,beta
11210,wise
11247,warning
11295,rig
11298,rate
11319,provider
11330,background
11361,telephone
11364,aces
11368,hook
11370,aver
11384,reshape
11423,married
11462,ill
11470,blast
11483,unities
11496,butt
11526,appointed
11541,notes
11562,ates
11586,north
11605,nota
11612,edge
11615,best
11619,taking
11675,gov
11703,male
11716,former
11731,ay
11735,angler
11744,adjust
11786,fatal
11819,batch
11880,divider
11931,court
11948,fitness
11995,couldn
12001,mix
12015,buy
12026,validated
12090,services
12112,wert
12116,blur
12123,genic
12156,manufacturer
12181,wire
12182,participants
12195,pass
12214,associated
12239,doing
12255,lections
12274,permit
12279,agar
12280,last
12283,claimed
12299,encrypted
12337,yet
12374,up
12392,prop
12409,disable
12462,yaw
12471,tile
12547,dst
12557,ovation
12561,difference
12592,natural
12618,levels
12647,checking
12651,sans
12656,tax
12734,feat
12819,server
12840,agency
12870,fid
12916,casts
12937,pip
12956,no
12994,bra
13031,small
13044,cour
13076,logging
13085,pest
13088,visitor
13090,low
13095,meta
13111,shell
13170,op
13207,stars
13208,supplier
13214,metric
13221,fluid
13222,opus
13277,combat
13278,cede
13355,visa
13401,ads
13429,unread
13439,policy
13466,cot
13474,mongoose
13497,unused
13509,developer
13523,colo
13533,preset
13542,forgettable
13563,charged
13585,azure
13617,took
13629,chalk
13637,terminated
13648,yards
13709,folders
13747,implemented
13814,particle
13817,everything
13820,assign
13866,hold
13895,when
13930,were
13970,heavy
13998,certificate
14006,design
14037,range
14038,mt
14070,authorize
14081,adds
14124,capability
14127,deployment
14146,medium
14170,opened
14173,interpret
14175,holiday
14197,lime
14220,interval
14221,avatars
14230,buttons
14261,artisan
14297,symbol
14321,greater
14328,cold
14332,object
14333,agent
14363,cape
14395,ml
14419,serious
14505,architecture
14530,come
14557,makes
14573,promo
14578,directory
14582,declaring
14585,lection
14600,straight
14608,meter
14640,programs
14641,crease
14648,girl
14675,algorithm
14702,chai
14720,role
14727,appointment
14753,interfaces
14755,favor
14756,known
14757,pig
14787,behavior
14856,email
14876,eel
14884,wind
14901,upper
14937,their
14947,diet
14957,completion
14984,ere
14993,courses
15038,nonce
15053,declare
15054,odium
15069,join
15088,lama
15092,acted
15104,ops
15122,authenticated
15124,aren
15131,horn
15135,financial
15149,plots
15166,ghi
15168,bury
15171,mallow
15248,holding
15258,cobra
15263,consume
15338,noon
15349,scan
15371,ammo
15376,yah
15380,derive
15386,wards
15387,sequential
15424,truncate
15428,topics
15431,pure
15447,characters
15497,charm
15506,navigate
15545,pace
15549,sections
15550,odd
15586,speech
15601,hood
15609,front
15614,describe
15621,feeds
15627,already
15648,pricing
15656,twitter
15667,probe
15674,uppercase
15706,shirt
15707,imp
15719,factor
15762,rewrite
15787,membership
15803,react
15804,transactions
15857,shot
15871,etched
15889,firm
15915,cedes
15952,forum
15956,arian
15975,quit
16018,department
16019,bitmap
16040,calls
16106,clang
16126,activity
16204,passes
16205,green
16216,python
16233,cast
16241,scatter
16242,uke
16259,its
16279,gist
16306,subscriber
16315,colon
16332,vertical
16351,specifier
16405,validation
16407,occupied
16434,lower
16441,heads
16446,marshal
16482,typed
16525,assembly
16539,ported
16576,reader
16605,zap
16632,digest
16646,league
16648,pled
16657,released
16664,research
16666,rink
16687,invalid
16694,walls
16733,clients
16761,uv
16763,cube
16771,haar
16797,scribers
16815,wort
16844,ilia
16846,mods
16858,mr
16869,church
16871,try
16873,ail
16915,comparison
16916,builders
16950,billing
16970,vale
16972,surname
16993,paths
17011,luck
17055,won
17062,programming
17071,crow
17073,pay
17116,seeing
17120,mina
17121,tech
17140,lined
17145,roads
17156,burst
17166,nov
17203,location
17213,east
17258,vector
17262,wat
17311,eds
17324,something
17343,top
17365,deep
17429,permanent
17433,inspection
17436,fans
17532,guess
17605,finalize
17611,constitutional
17617,lei
17630,ounce
17649,ire
17672,aped
17689,five
17701,cooked
17735,way
17743,technology
17759,particularly
17773,age
17777,ordinate
17803,simp
17822,genesis
17850,grounds
17890,shift
17895,caught
17906,educated
17950,variants
17971,memo
17976,food
17981,ebb
17995,arak
18057,tracer
18084,hat
18102,elm
18104,been
18126,promotion
18136,association
18149,chair
18155,tablet
18189,pleasant
18204,plain
18238,region
18240,matching
18278,ream
18306,vendors
18313,buf
18315,coffee
18331,boarding
18380,prim
18388,fault
18402,sort
18410,historic
18463,ora
18502,hour
18557,cheap
18568,battle
18574,codes
18582,perform
18611,itch
18680,formerly
18711,elder
18724,rending
18729,message
18745,restriction
18757,close
18774,fast
18776,ivy
18789,mil
18802,wealth
18821,d
18822,jet
18826,char
18828,down
18834,annotation
18841,insurance
18880,official
18897,cut
18899,shops
18912,physics
18915,spect
18929,screen
18939,uniform
18990,docker
19057,hora
19060,phase
19081,database
19149,arena
19172,persist
19176,bubble
19187,brush
19193,triangle
19250,ars
19325,day
19341,angle
19368,over
19376,termination
19377,like
19391,college
19406,ansa
19417,deg
19429,peats
19454,traction
19469,equal
19481,connector
19512,squeeze
19568,different
19596,pulse
19614,ok
19629,ifs
19663,children
19716,ski
19719,stone
19726,powered
19729,sup
19764,optional
19772,tar
19805,ova
19851,desk
19884,packet
19952,return
19960,polygon
20001,bon
20016,list
20053,looking
20066,lap
20075,ceased
20088,twenty
20111,citation
20123,cache
20130,weeks
20153,alert
20167,crafted
20206,mach
20234,ranges
20245,identify
20257,feel
20321,competition
20330,nano
20368,verification
20408,competitive
20431,reduce
20437,populate
20464,indy
20466,ox
20489,sessions
20496,agents
20506,contacts
20508,exam
20523,redd
20525,unexpected
20531,path
20541,dims
20545,lists
20561,dealer
20562,quare
20566,singular
20609,moil
20617,labs
20628,parent
20668,wrapper
20682,gone
20688,zeros
20719,vehicle
20744,dens
20814,gate
20821,collect
20831,ad
20837,office
20846,height
20853,price
20858,aye
20865,emo
20887,ten
20914,great
20950,magnitude
20983,connection
21023,rippling
21036,them
21045,all
21084,rails
21097,opt
21103,journal
21164,sole
21171,url
21179,jay
21263,meld
21325,normal
21364,hi
21375,logs
21394,petition
21421,withdraw
21437,lings
21468,mapped
21515,faker
21519,learn
21527,limited
21581,amines
21632,never
21652,rice
21667,plans
21715,installed
21736,assist
21754,skirts
21773,ended
21789,assistant
21826,voice
21837,logger
21896,value
21901,goo
21915,real
21928,hands
21951,started
21976,posted
21980,steel
21981,headed
21983,portfolio
21987,ratio
21989,ham
22004,bootstrap
22063,ree
22064,hashed
22076,pec
22097,prix
22098,tries
22102,cms
22115,masters
22155,stored
22187,boy
22221,high
22222,busy
22242,quantity
22280,porn
22298,genres
22316,saving
22318,roll
22333,ani
22358,culture
22375,fixture
22385,pair
22410,amphetamine
22446,mind
22505,detail
22506,then
22535,hid
22565,connect
22570,icons
22598,objects
22634,binary
22637,golden
22649,approximately
22668,universal
22714,scenes
22764,supports
22766,calendar
22787,kick
22798,writing
22833,roi
22837,operand
22867,centre
22886,lie
22912,registration
22920,mere
22929,functions
22945,camera
22995,property
23008,ideas
23035,base
23042,interactive
23071,agues
23080,mandatory
23081,identification
23087,aby
23114,trainer
23115,s
23212,thane
23217,transport
23249,field
23269,vous
23314,does
23351,em
23365,chrome
23445,rant
23527,stories
23533,condition
23543,doctor
23563,none
23572,fort
23583,attendance
23603,blank
23604,ff
23611,venue
23612,release
23657,child
23703,videos
23711,armor
23717,ink
23774,slots
23784,ultimate
23800,boxes
23841,continued
23842,cob
23851,auction
23860,het
23862,publish
23909,brane
23944,leased
23945,opal
23972,itches
23986,boolean
23992,personal
23996,mort
24031,elastic
24039,species
24078,viz
24081,makers
24098,flower
24101,spot
24120,rites
24137,retain
24197,side
24200,prototype
24204,translator
24227,vision
24274,ago
24283,result
24295,metros
24361,suite
24370,emes
24371,viol
24391,send
24405,coni
24432,leet
24440,contact
24474,outcome
24521,learning
24574,during
24575,reported
24576,scope
24609,explain
24670,flux
24708,raising
24718,utters
24797,restaurant
24798,sigma
24802,delivery
24846,clear
24852,example
24889,stroke
24892,rafted
24912,converter
24919,test
24921,sic
24942,foreign
25000,emit
25026,centers
25033,deck
25062,sent
25069,fil
25092,helpers
25151,density
25171,dragon
25194,wipe
25230,domain
25236,onus
25271,forth
25308,finished
25334,band
25360,pit
25370,eger
25426,modifier
25442,structural
25449,antics
25450,webs
25455,awns
25468,amber
25497,grey
25513,associate
25516,sorting
25529,ode
25531,wagon
25541,guarded
25549,wives
25581,throat
25584,bean
25600,fragment
25627,topic
25648,reveal
25655,vents
25709,rank
25714,conduct
25717,privileged
25718,aware
25723,constant
25748,verbatim
25750,padding
25773,tuple
25779,confirmed
25780,recognized
25788,aments
25846,cats
25884,draft
25888,tout
25893,undefined
25901,directive
25904,xyz
25906,compare
25935,history
25939,especially
25954,noun
26025,warnings
26027,super
26056,pp
26078,updates
26080,raw
26086,finder
26098,most
26187,colour
26190,graded
26191,variation
26200,observer
26204,km
26236,rolls
26247,locking
26248,nil
26277,application
26305,forge
26309,recover
26319,width
26341,histoire
26366,lemma
26391,wit
26399,coon
26404,trait
26427,text
26433,dives
26441,apr
26455,taxonomy
26487,cling
26494,weapon
26544,probability
26557,gene
26609,urban
26628,paces
26642,groups
26649,panel
26651,mounted
26667,loader
26686,wanted
26714,proposal
26729,hole
26734,nutrition
26754,encoder
26757,broadcast
26769,compiled
26789,mer
26869,villa
26875,picker
26879,epoch
26902,escaping
26909,pool
26914,nim
26929,sure
26941,fraction
26971,alien
27017,inflate
27027,rod
27061,occupation
27063,poss
27086,imps
27095,dot
27150,gesture
27223,fed
27228,font
27235,pretty
27243,zion
27246,file
27248,loud
27256,noxious
27270,payment
27304,every
27341,edges
27374,tap
27382,monster
27392,gens
27404,lover
27472,skill
27479,added
27487,bee
27495,yield
27501,gin
27524,coverage
27557,jug
27574,statistics
27579,view
27587,judge
27611,bred
27614,whether
27630,immune
27650,particles
27652,staff
27654,belief
27656,physical
27669,initialize
27682,functional
27702,agon
27719,shake
27751,stones
27759,i
27760,implementation
27763,chemist
27791,loom
27801,yard
27811,panels
27819,caps
27829,statements
27835,our
27841,confirm
27851,storage
27907,just
27921,fat
27971,yellow
27986,column
27995,mentioned
27999,cue
28021,pur
28024,exit
28036,lace
28046,coded
28054,minster
28076,unload
28077,agit
28096,route
28131,cred
28154,tensor
28165,traits
28172,pts
28209,versed
28257,principal
28259,fried
28267,killer
28281,baby
28294,cession
28310,temporary
28320,atom
28357,mist
28362,partial
28392,net
28393,tea
28404,fork
28407,docs
28422,lick
28423,places
28468,threshold
28481,represented
28521,instant
28537,arti
28545,shortcut
28555,lapping
28562,rovers
28571,terms
28594,din
28658,duce
28722,method
28727,income
28738,ache
28742,setting
28743,ace
28760,earning
28800,olla
28864,hard
28876,ably
28885,libraries
28950,disk
28965,bound
29050,
29052,liner
29060,asses
29102,late
29104,grades
29111,gable
29114,brain
29117,forcing
29126,issued
29131,hoe
29135,shape
29154,argent
29193,fixtures
29220,rams
29228,athlete
29251,division
29367,it
29372,publication
29390,indices
29399,assessment
29488,always
29509,part
29518,piece
29528,utility
29560,oud
29598,oxide
29608,expenses
29627,logic
29636,rite
29640,etre
29651,astro
29658,fer
29670,angles
29691,addresses
29708,abstract
29709,electron
29716,months
29719,cart
29726,creature
29764,quire
29779,offer
29782,focus
29847,thy
29885,tasks
29969,art
29972,token
30003,visual
30007,rag
30018,priority
30049,bug
30057,bucks
30059,fighters
30064,isle
30080,single
30095,rolling
30098,hunter
30139,sockets
30143,predictions
30163,rap
30180,true
30224,retched
30257,ideal
30266,folk
30268,android
30271,rend
30288,perse
30297,fact
30332,bout
30335,licenses
30339,tempt
30351,cm
30357,decorators
30414,terror
30426,targets
30448,orf
30468,styles
30501,jury
30512,awn
30543,coal
30573,quotes
30640,genome
30655,traffic
30657,trajectory
30668,process
30669,pizza
30808,subsection
30818,seconds
30832,definitions
30863,deleted
30880,metrical
30896,money
30898,rips
30932,correct
30959,seller
30960,contract
30961,paginate
30998,administrator
31009,gain
31044,generator
31070,sez
31072,ague
31094,bare
31135,adding
31162,nothing
31163,slope
31171,salary
31176,leave
31253,get
31256,tract
31260,graphics
31282,acceptable
31292,data
31321,collapse
31327,lots
31338,linear
31379,configuration
31380,compatible
31385,gender
31386,dummy
31390,kat
31421,ukes
31451,once
31458,execution
31467,statuses
31506,materials
31550,similar
31572,tester
31577,grant
31636,nox
31655,mon
31712,after
31732,comb
31756,combine
31771,earned
31778,chez
31780,aligned
31847,done
31867,temps
31913,alley
31923,wart
31925,resolved
32006,metro
32024,flags
32053,favorites
32062,ese
32089,threat
32092,anas
32132,gather
32169,bands
32178,authors
32189,against
32190,decoded
32216,guid
32226,housing
32246,pivot
32271,rowing
32299,dimension
32321,justice
32323,themes
32360,hash
32374,clusters
32387,composer
32415,figures
32449,absolute
32464,store
32480,stage
32516,rand
32520,rush
32543,unfold
32547,reset
32556,orca
32560,mine
32561,shore
32573,leases
32589,error
32600,hosts
32601,constraint
32602,into
32614,maj
32625,fade
32636,charging
32662,product
32663,peg
32669,drink
32678,notification
32681,drawer
32700,pairs
32701,fires
32703,express
32732,solve
32741,changes
32809,filtered
32821,printer
32839,inverse
32861,qualified
32870,moon
32903,slot
32943,present
32952,eyed
32956,mb
32967,geo
33010,lord
33063,environment
33093,sites
33125,director
33129,stress
33149,missing
33154,prevent
33205,forms
33222,ration
33226,ratings
33246,rev
33263,term
33272,ticks
33297,porno
33319,ager
33352,target
33365,bringing
33372,rib
33377,witch
33399,bird
33415,signals
33430,connected
33439,composed
33447,bris
33455,manager
33483,regions
33490,convert
33505,save
33515,concept
33546,review
33559,notice
33592,given
33602,frame
33610,better
33649,bones
33688,inside
33689,kid
33752,texture
33768,contest
33786,persona
33811,drops
33827,beans
33830,timing
33832,early
33837,land
33849,eses
33863,string
33877,taken
33881,shows
33888,morph
33920,dependent
33932,vers
33959,reviews
33990,again
34003,visions
34013,calling
34059,angel
34112,thresh
34116,controllers
34125,patient
34144,qualities
34147,atomic
34176,printing
34207,integer
34253,kit
34266,akin
34275,turtle
34282,crud
34294,urge
34302,gallery
34348,coop
34357,nt
34367,appoint
34369,activated
34398,lift
34427,plants
34444,quip
34448,borough
34494,parallel
34498,advisor
34527,big
34530,worker
34538,starter
34555,tractor
34599,intro
34602,perms
34622,hist
34648,often
34669,ready
34679,some
34682,than
34688,repeat
34727,tern
34745,meal
34787,hint
34871,charger
34903,acre
34925,presence
34941,bro
34986,page
35038,identifier
35049,laps
35057,dependencies
35061,restore
35108,operate
35147,zip
35171,toggle
35203,oriented
35245,progress
35262,exports
35321,routine
35333,letters
35342,adopt
35351,connecting
35385,cash
35390,appear
35398,subjects
35442,wheel
35445,cams
35468,fire
35508,sea
35522,slider
35531,are
35655,percentage
35669,rug
35672,sampling
35685,tweet
35724,contents
35726,rollback
35745,significant
35765,leaflet
35775,commons
35816,buckets
35855,preferred
35873,pixel
35908,dashboard
35916,riding
35996,seven
36020,ms
36044,mirror
36057,uni
36060,ale
36108,double
36136,registers
36150,rack
36177,alive
36212,maximum
36228,letter
36250,pick
36258,err
36299,nor
36307,cola
36323,mapping
36324,split
36329,spar
36345,digital
36357,await
36367,electric
36385,instruction
36395,actually
36411,hardware
36419,gun
36472,poll
36478,give
36488,wild
36501,ingredients
36503,rebbe
36511,browse
36521,rest
36591,users
36633,incl
36636,heroes
36646,credited
36649,studio
36679,configured
36705,props
36717,oct
36740,usual
36788,slack
36815,lint
36827,ays
36838,game
36860,lords
36902,person
36921,security
36975,telegram
36995,asics
37009,trash
37015,first
37041,submitted
37061,grand
37080,epochs
37083,relevant
37099,lexical
37173,angling
37194,preview
37229,comma
37249,descending
37260,ridged
37303,sold
37320,bottom
37324,accordion
37347,go
37348,robot
37382,references
37430,possibly
37455,entities
37467,core
37473,thumb
37527,hyper
37560,space
37576,relationship
37628,assemble
37629,hipster
37636,face
37658,sf
37671,swift
37676,eve
37718,biased
37751,mask
37758,croft
37760,manifest
37762,confirmation
37771,popover
37779,mise
37798,offs
37806,analysis
37898,aug
37905,turn
37951,dates
37957,expire
37964,ding
37965,spiel
37990,creasing
38004,auf
38011,credential
38055,private
38076,draw
38101,heard
38113,adult
38154,alchemy
38170,inch
38190,allows
38194,reach
38200,rides
38210,month
38278,remote
38281,collector
38285,normalize
38306,roller
38329,social
38335,blocked
38355,assuming
38360,ours
38374,deer
38375,errors
38409,cope
38447,title
38455,homme
38461,student
38480,arching
38485,element
38489,cover
38522,keepers
38527,finance
38535,refresh
38537,combo
38542,legs
38587,far
38593,novation
38595,slow
38645,secure
38646,mob
38690,else
38721,zone
38745,sources
38747,selection
38763,loser
38774,kor
38786,entry
38824,riot
38844,code
38852,channel
38899,jam
38901,tiny
38983,wing
38992,faction
39026,tin
39040,tags
39064,controller
39082,kw
39145,off
39147,under
39170,public
39186,deal
39190,rd
39264,comic
39280,sleep
39285,library
39301,accumulator
39303,normally
39351,mate
39367,dictionary
39411,frau
39415,invert
39424,hips
39480,had
39499,document
39520,articles
39528,servers
39542,fabric
39590,returned
39601,growth
39607,scanner
39613,processor
39616,tube
39621,anchors
39634,launch
39645,sock
39690,moment
39697,closed
39708,compact
39752,observe
39754,replace
39760,nine
39801,mega
39816,skills
39817,meaning
39835,outputs
39853,ribbon
39863,ethylene
39868,halt
39875,mouse
39900,about
39903,missive
39910,flare
39938,defer
39940,installation
39979,posting
39988,run
40000,charge
40038,deprecated
40041,vide
40066,bell
40091,para
40097,ram
40102,chip
40135,other
40181,few
40183,metadata
40192,monitor
40210,home
40221,driver
40245,angular
40258,bios
40266,sphere
40275,pear
40279,rends
40283,recipe
40296,sad
40308,runner
40328,sec
40337,van
40357,parameter
40418,asic
40429,classified
40462,synthesize
40536,whatever
40553,idle
40579,kin
40593,banner
40609,formed
40623,requested
40624,sap
40627,obi
40642,capt
40672,jar
40723,sex
40732,inscription
40734,ride
40738,alphabet
40765,sur
40766,localized
40826,lore
40834,sect
40843,many
40849,chimp
40856,compiler
40877,complete
40879,wave
40912,robots
40950,tie
41026,math
41050,restaurants
41053,stead
41063,got
41065,hawks
41066,orbit
41068,although
41118,wen
41134,icks
41137,town
41156,orris
41165,console
41167,lav
41173,locks
41225,science
41263,latitude
41284,scores
41295,navigation
41319,mast
41333,hang
41379,assignments
41383,prove
41412,rock
41439,obsolete
41470,rating
41499,marks
41505,rapper
41518,chat
41557,accounts
41565,probably
41582,blog
41586,ens
41635,expiration
41645,camel
41658,variable
41660,submit
41676,discount
41706,plural
41733,fetch
41746,rage
41760,craft
41792,summary
41794,park
41821,shown
41825,unwrap
41835,monkey
41838,difficulty
41854,neighbor
41863,dynamic
41872,script
41890,proto
41920,observation
41934,authorized
41937,stocks
41950,move
41955,tools
41968,airs
41985,haft
42005,bung
42050,eye
42052,dim
42196,lane
42210,footer
42217,yr
42238,standing
42250,messages
42257,volume
42264,yes
42277,trusted
42295,while
42307,ever
42365,slice
42419,report
42438,warts
42444,prom
42455,datum
42468,block
42485,almost
42491,spoken
42516,tower
42518,animate
42526,ahead
42569,pager
42617,quota
42623,fig
42656,grad
42671,workers
42717,truck
42720,lay
42723,ful
42781,faith
42783,basket
42784,life
42822,inky
42824,company
42914,tics
42948,by
42970,travel
42978,arc
42989,enumerate
43118,cased
43122,tit
43175,idea
43186,implements
43189,based
43215,maps
43225,designation
43237,que
43243,ones
43250,hest
43287,restrict
43348,features
43355,aura
43362,lite
43371,kill
43384,live
43410,valuation
43428,boxed
43444,hall
43445,custom
43448,ye
43451,pee
43457,gnu
43517,health
43527,thumbs
43542,stack
43578,accuracy
43601,defense
43614,chunks
43638,severity
43651,preserve
43664,control
43675,full
43698,compound
43721,getter
43813,excerpt
43844,threads
43863,subtitle
43883,bike
43886,remark
43919,according
43944,landscape
43945,rien
43949,instances
43957,hey
43972,moire
44009,flatten
44011,trap
44027,cab
44110,conference
44123,adar
44126,creates
44135,buzz
44136,reflection
44167,expo
44189,phony
44192,entre
44195,burn
44208,due
44268,entered
44346,fang
44353,gravity
44373,otherwise
44384,sense
44405,trad
44422,cascade
44452,lock
44456,instructions
44478,modal
44493,pyx
44504,recursive
44505,ignored
44509,worked
44565,nodes
44579,environments
44585,empt
44587,submission
44626,available
44645,highest
44713,anticipated
44731,al
44758,thin
44766,vis
44772,destruct
44833,rays
44890,anchor
44892,let
44893,redirect
44959,middle
44963,scene
44964,tracking
44998,fad
45040,advertisement
45041,wrong
45045,question
45046,contra
45052,cale
45065,angstrom
45112,pais
45115,waves
45116,sexual
45121,committed
45151,abilities
45166,touches
45175,keyboard
45198,he
45202,major
45219,nock
45262,mites
45274,outs
45311,cached
45342,robe
45356,sq
45383,young
45390,camp
45429,melon
45436,extend
45453,forecast
45518,box
45523,lass
45536,dice
45549,devil
45556,poke
45575,sound
45604,metrics
45617,imports
45665,exception
45675,want
45719,sounds
45740,score
45790,realm
45801,module
45819,soles
45829,miner
45843,ells
45872,wan
45923,loses
45933,bundle
45942,cone
45969,take
46017,unfinished
46034,weekly
46042,flies
46051,postal
46075,houses
46085,brown
46099,earn
46141,fine
46167,bow
46206,revision
46235,tree
46288,arrival
46313,soft
46319,pickup
46358,terminal
46363,rt
46418,mighty
46435,prep
46447,format
46489,packages
46514,mom
46540,hone
46546,commands
46560,intern
46569,woman
46600,retrieve
46742,listening
46746,haven
46751,those
46761,parer
46801,statement
46815,defaults
46816,til
46818,bundles
46838,successfully
46859,sports
46883,keeping
46915,rotation
46958,kits
46986,context
47037,extent
47040,tribute
47081,omen
47084,listener
47086,ret
47107,character
47145,licht
47177,national
47178,vault
47200,spaces
47206,rectangle
47236,hub
47242,paid
47249,query
47305,averse
47312,rows
47325,pix
47329,response
47340,lobe
47355,style
47373,road
47460,fl
47470,wig
47472,markets
47491,adapter
47515,toy
47572,fib
47577,zing
47618,fax
47619,coll
47651,clock
47655,ether
47706,employed
47743,intent
47747,held
47770,castle
47782,demand
47820,tele
47822,answered
47829,handle
47882,tee
47902,pent
47912,interrupt
47925,flu
47930,calculate
47962,hell
47999,inks
48005,strike
48051,communications
48064,having
48092,mentor
48117,feeding
48150,lake
48161,overall
48163,dig
48210,trial
48214,fund
48217,budget
48243,amps
48247,rocket
48278,generation
48285,grid
48319,ester
48333,otic
48345,act
48353,jets
48389,make
48393,collection
48400,steam
48404,ment
48405,third
48443,friends
48452,weight
48470,pictures
48489,inning
48503,photo
48527,variant
48560,escape
48565,reaction
48579,establish
48613,wine
48630,plies
48647,eat
48649,am
48651,charted
48683,weapons
48697,predict
48712,boom
48734,planes
48737,plates
48739,passport
48755,artists
48769,detector
48779,affected
48841,education
48866,plus
48892,assignment
48963,approve
49005,nest
49007,rollers
49018,span
49033,start
49055,elect
49075,balanced
49090,cate
49110,not
49117,eff
49118,buff
49123,faces
49136,reserved
49152,embedded
49157,order
49175,profits
49183,asset
49189,lights
49200,entries
49205,esc
49222,around
49304,maids
49339,delta
49342,truth
49377,ve
49382,country
49441,agog
49449,knowledge
49556,feb
49579,strength
49582,will
49686,bind
49691,arming
49717,notation
49773,rabbit
49785,proof
49797,counter
49800,information
49852,welcome
49855,bay
49858,solver
49881,doll
49882,four
49910,riel
49915,coin
49919,race
49920,ask
49934,coupon
49946,additional
49947,attention
49963,nom
49974,rail
49984,another
49988,ability
50054,puts
50055,boys
50057,oz
50060,long
50108,since
50120,cline
50175,pressure
50176,paused
50182,yahoo
50188,encoded
50200,professional
50202,legacy
50215,liquid
50237,coach
50242,special
50246,chest
50283,noise
50301,velocity
50322,female
50335,re
50336,wood
50348,edited
50370,subscription
50376,legates
50387,mot
50426,ides
50429,latest
50474,creative
50483,flex
50485,loss
50490,ado
50505,gers
50520,m
50529,via
50563,sand
50587,lesson
50646,marsh
50648,tel
50708,discard
50724,inactive
50732,bite
50745,latent
50750,structuring
50754,latex
50848,hare
50872,nearest
50879,stab
50898,transfer
50911,read
50915,stood
50975,iterations
50999,closing
51007,dogs
51029,macros
51033,of
51080,committee
51091,primary
51094,keeper
51096,danger
51098,legation
51140,commended
51188,exchange
51214,macro
51237,please
51254,sheet
51269,contributors
51273,fail
51275,strap
51311,estimate
51381,require
51405,scheme
51409,documentation
51419,heart
51420,egg
51444,expert
51453,depends
51456,created
51518,can
51598,id
51607,ate
51628,this
51651,fuse
51655,ft
51672,gars
51700,confidence
51754,inspect
51799,power
51829,grammar
51834,rum
51839,ails
51888,forums
51894,emic
51945,fest
51949,lector
51955,included
51983,achievement
52004,weigh
52021,promise
52045,acting
52080,highlight
52153,zeit
52187,possible
52195,leaning
52211,extras
52263,levant
52270,colors
52285,adapt
52292,begin
52307,automation
52308,image
52334,vertices
52381,vent
52388,upon
52406,regulated
52418,ville
52423,clubs
52430,lost
52448,device
52468,loading
52474,serialization
52493,echo
52537,strained
52539,admin
52611,locations
52617,nested
52622,resolution
52677,rough
52691,requirements
52701,partner
52723,hot
52726,axe
52728,escaped
52734,strip
52758,through
52762,pause
52768,thickness
52780,lambda
52828,runs
52851,node
52865,mock
52891,alpha
52896,chef
52897,anger
52922,rho
52929,your
52961,would
52974,being
52993,streams
53010,raison
53024,team
53055,includes
53064,gradable
53096,dart
53114,attributes
53190,mime
53236,death
53268,router
53272,production
53333,flight
53349,azo
53361,arris
53385,advance
53388,tors
53402,chin
53405,irk
53407,grav
53412,important
53414,volt
53441,foot
53456,lucent
53463,pan
53479,cur
53506,zero
53510,parents
53580,profit
53606,force
53675,ilk
53691,template
53693,solid
53695,million
53717,people
53731,law
53735,handles
53738,year
53785,ands
53834,heat
53851,bytes
53913,wallet
53947,pus
53959,section
53979,codec
53984,build
54034,rolled
54045,lys
54058,cost
54122,login
54139,verify
54142,geometry
54146,bomb
54148,overrides
54221,wick
54224,who
54255,twig
54259,pane
54294,along
54319,mutations
54345,masked
54370,mapper
54372,date
54378,balls
54397,analyze
54409,related
54471,discord
54481,nation
54483,played
54503,definition
54537,ole
54549,placement
54551,ban
54557,ores
54560,black
54589,cos
54593,reed
54642,healthy
54650,crop
54666,they
54667,faculty
54702,separator
54709,verse
54726,cat
54759,procedure
54764,unsigned
54768,prefix
54780,segments
54792,ancestor
54799,routes
54805,instrument
54827,slash
54832,bower
54837,pond
54839,picked
54840,pose
54849,ne
54896,arrant
54907,beg
54913,barcode
54941,scalar
54949,cert
54990,pad
55003,linked
55023,guns
55100,blocking
55153,course
55155,expect
55176,winner
55183,states
55188,indo
55326,combined
55340,went
55348,potential
55381,aches
55389,cep
55395,attend
55419,sky
55435,formula
55490,impact
55542,indexes
55638,soap
55651,goal
55662,chapter
55667,exist
55711,semicolon
55734,icing
55740,record
55752,lever
55796,theses
55818,posit
55820,tell
55824,mute
55836,compile
55866,disposed
55896,ached
55909,alone
55913,credible
55920,illusion
55927,warm
55937,votes
55945,here
55956,ponce
55958,framework
55970,bindings
55981,spender
55989,iterate
55999,pike
56007,offers
56046,apter
56108,old
56114,liter
56153,nah
56182,atar
56199,maze
56218,gross
56240,kea
56248,bulk
56254,opening
56265,neighbors
56273,snake
56280,adders
56291,roles
56307,iron
56363,wed
56417,avid
56475,words
56476,period
56477,implicit
56481,views
56485,integral
56508,visit
56518,ignore
56532,observations
56543,origin
56593,snap
56619,named
56641,reverse
56649,stock
56652,matrix
56704,portrait
56774,bolt
56797,stairs
56798,com
56810,group
56812,raised
56831,failure
56854,verity
56877,son
56890,aging
56910,dato
56919,links
56951,stances
56978,everyone
57005,continental
57027,depth
57054,loads
57122,terminate
57137,grab
57150,said
57164,bole
57177,volatile
57180,charts
57182,co
57217,sass
57219,asking
57223,cu
57241,lude
57274,cancel
57305,slave
57320,die
57335,queen
57349,scaled
57399,beam
57417,iris
57470,apse
57477,sparse
57480,invisible
57500,rather
57503,next
57508,agas
57528,oven
57545,load
57548,reminder
57558,dings
57569,coding
57574,lays
57582,centroid
57611,bet
57638,roof
57649,jun
57656,construct
57657,patterns
57664,each
57693,earth
57707,protocols
57720,overlap
57722,step
57730,tha
57736,feed
57748,av
57806,except
57826,epsilon
57827,syn
57839,crypto
57867,empty
57868,coins
57899,cake
57912,fortunately
57938,expects
57955,witter
57963,binding
57970,locales
57996,collections
58041,must
58046,pseudo
58067,ipa
58069,enumerator
58163,
58168,worm
58186,shade
58197,ingles
58202,wear
58210,repos
58230,embers
58237,coming
58253,overs
58288,actual
58295,charges
58333,radius
58366,prints
58381,unique
58402,vest
58404,ounces
58422,rich
58428,extra
58430,poster
58482,bounds
58496,coordinates
58499,oral
58545,walker
58550,actus
58584,notated
58600,dog
58608,measure
58623,languages
58651,bits
58661,curve
58668,verbose
58699,invalidate
58734,audit
58749,utter
58759,rawer
58762,logo
58771,bread
58779,foil
58805,ombres
58822,dry
58837,implicitly
58844,huge
58882,glyph
58888,raft
58909,cluster
58916,published
58936,back
58955,minutes
58960,machine
58969,communication
58974,quoi
59037,backward
59112,theorem
59120,pill
59187,boundary
59191,smarty
59204,abler
59227,avo
59239,love
59249,utilities
59269,handlers
59272,zones
59284,kernel
59312,expense
59315,verts
59324,pies
59335,customize
59365,there
59388,with
59413,encryption
59540,indexed
59549,same
59567,peace
59588,enterprise
59609,delete
59639,mite
59647,anus
59724,bearer
59731,pare
59744,pic
59791,rent
59828,elope
59865,challenge
59867,allocated
59872,sale
59883,curacy
59949,testimonial
59952,party
59956,tickets
59959,lines
59960,parse
59970,metis
59981,shoot
59984,aid
60005,shuffle
60018,quiz
60026,porter
60030,fait
60031,multi
60044,aced
60061,rial
60075,mun
60115,argument
60144,rete
60182,rooms
60198,marine
60228,cult
60235,carry
60267,producer
60289,iphone
60307,blue
60308,seen
60361,samples
60376,pal
60389,literal
60396,laces
60397,animal
60428,removed
60453,cities
60495,central
60528,launcher
60581,chemical
60589,government
60605,laughs
60621,practice
60685,mana
60745,locator
60753,plot
60761,operative
60770,ins
60797,venture
60801,mobile
60812,zoom
60839,civil
60880,ice
60893,berries
60907,pointer
60908,isms
60933,descriptor
60943,dong
60962,poser
60987,gar
61025,modern
61058,positions
61096,story
61105,too
61112,poly
61115,resent
61126,burgh
61143,consumer
61144,handler
61147,material
61172,paged
61178,agnostics
61202,unsupported
61217,markers
61232,trace
61244,compress
61272,frames
61285,ombre
61310,forme
61311,father
61316,lo
61329,divide
61335,drivers
61337,carrier
61344,blend
61370,fruit
61377,pluck
61394,quel
61415,buffer
61446,chunk
61486,choice
61496,near
61508,pray
61516,transparent
61520,t
61536,expected
61542,province
61566,skins
61637,classes
61656,ally
61705,ticker
61712,distinct
61741,hooks
61775,heading
61823,apus
61830,profiles
61833,merge
61847,ellipse
61866,anime
61882,invitation
61940,dal
61960,fee
61973,end
61985,organization
62022,intersect
62038,bases
62042,hog
62046,seat
62114,away
62195,tour
62264,forced
62265,meth
62277,loo
62295,choose
62296,jan
62313,operator
62357,aspect
62359,vol
62371,song
62387,avec
62395,sender
62476,hind
62507,tier
62508,weak
62538,lt
62622,frag
62630,dis
62654,hide
62659,arb
62662,gap
62669,contained
62708,orange
62771,paralleled
62885,an
62886,bal
62910,years
62922,omens
62966,acid
63021,finally
63035,series
63088,unto
63124,blink
63155,surface
63157,vestment
63199,acing
63205,lien
63224,belt
63246,owned
63268,tips
63280,ordered
63303,styled
63322,brains
63323,deb
63326,queries
63327,channels
63336,
63346,scenario
63353,worth
63400,book
63422,pull
63443,render
63455,brand
63470,parts
63474,fight
63475,meet
63487,spin
63507,bullet
63537,stile
63567,trade
63621,though
63650,rove
63652,girls
63772,hunt
63786,avail
63848,printed
63851,number
63886,angers
63923,times
63939,guided
63964,cons
63994,fit
64037,irate
64044,grim
64081,happy
64089,ordering
64119,beat
64151,engineering
64154,ply
64160,board
64167,ember
64176,cul
64208,repo
64221,stud
64230,lac
64235,sat
64239,owner
64253,observable
64258,rejected
64286,unsafe
64316,posts
64320,project
64431,constants
64455,parity
64461,likes
64477,members
64479,prod
64485,vim
64511,comes
64540,fits
64546,general
64571,transpose
64575,awesome
64613,disabled
64645,expiry
64653,comments
64742,popular
64757,perhaps
64776,detach
64822,opaque
64831,flash
64914,paring
64924,applications
64927,stream
64932,cakes
64938,homes
64943,acellular
64947,branch
64994,favorite
64995,sons
65002,essential
65033,templates
65058,match
65088,stretch
65103,ought
65105,asks
65115,posed
65127,visited
65142,ripper
65198,voucher
65214,did
65217,duck
65238,sentence
65253,west
65263,buffers
65292,lease
65329,median
65346,extended
65352,socket
65359,pixels
65416,ills
65446,stop
65460,branches
65464,vote
65496,on
65508,sending
65542,usable
65572,allocate
65640,aching
65651,clicked
65660,item
65669,things
65700,tab
65706,eras
65711,gay
65722,iteration
65733,organic
65735,tail
65774,optimize
65783,wrapped
65788,dispatch
65793,and
65808,tan
65817,vs
65818,massage
65828,ambient
65894,business
65928,mint
65951,found
65958,works
65975,chine
65989,hydration
65997,grunt
66014,refund
66016,bin
66022,whole
66070,pes
66099,unction
66147,subtotal
66153,gem
66170,sheets
66177,lands
66181,snow
66196,generated
66202,mitt
66203,placed
66209,crawler
66242,resents
66254,sanitize
66259,bank
66314,reuse
66315,temperature
66326,pets
66390,change
66404,unix
66412,case
66465,plied
66518,program
66577,components
66599,composition
66633,facility
66661,neutral
66666,protect
66685,phones
66694,operands
66709,ensemble
66719,caption
66729,ears
66737,compose
66753,checks
66757,layer
66771,thanks
66777,foundation
66779,pipe
66788,lit
66842,objet
66937,okay
66940,subtype
66942,bud
66947,wizard
66986,air
67083,modes
67133,sell
67147,leg
67185,enzyme
67203,ordinal
67243,lose
67292,orders
67305,hon
67309,arrays
67310,axed
67317,dialog
67346,fall
67369,mesh
67377,translated
67399,pt
67422,lab
67430,urgent
67437,ploy
67451,invoice
67474,arians
67479,delay
67494,random
67513,authorization
67534,disposing
67541,false
67584,scape
67587,invest
67595,mat
67611,blind
67623,creation
67661,row
67728,editing
67734,turned
67789,patches
67799,con
67806,annual
67823,arty
67828,cloth
67859,gid
67913,phone
67950,fir
67953,reads
67992,keys
68034,album
68039,nod
68056,trip
68067,interpreter
68090,comings
68108,res
68142,player
68143,salt
68171,declaration
68185,self
68269,debit
68297,negative
68336,fas
68341,mod
68356,projects
68357,visible
68358,ensure
68367,atoms
68375,vice
68402,merchant
68422,privacy
68485,silent
68528,session
68561,files
68588,site
68615,met
68678,pop
68705,hive
68720,premium
68743,exclusive
68780,developers
68789,mostly
68790,landing
68793,grow
68857,pack
68879,anon
68881,retch
68900,sorted
68911,capture
68931,mark
68954,currency
68964,key
68967,voices
69010,ayah
69016,locale
69023,sealed
69025,decision
69041,undo
69074,stable
69082,pres
69088,disc
69112,woods
69115,defines
69180,pine
69181,that
69218,degree
69228,subclass
69255,licensed
69261,dating
69262,justify
69284,veal
69307,avoid
69360,predicted
69436,hen
69454,chars
69456,sync
69468,dux
69488,stem
69500,starting
69503,bane
69514,reference
69532,institution
69557,holders
69608,depend
69610,exceptions
69633,quartered
69635,ax
69646,nap
69673,short
69696,ocular
69721,tent
69756,written
69759,ethical
69792,entropy
69854,appy
69858,pin
69861,infra
69888,hots
69901,omit
69909,tracts
70005,digit
70083,allocation
70100,deadline
70130,dependency
70179,nuts
70218,reading
70242,hero
70268,defined
70306,says
70358,rots
70377,decode
70404,emu
70425,doors
70464,display
70494,encode
70528,names
70539,level
70540,flip
70543,urls
70634,attacks
70664,oui
70687,stakes
70708,line
70761,password
70781,songs
70812,st
70815,falls
70837,guard
70863,migration
70881,typing
70885,lice
70896,infer
70901,moving
70918,continent
70923,emption
70968,tones
70984,classify
71017,cookie
71022,sigmoid
71028,south
71046,needed
71050,axes
71060,serialized
71065,employees
71087,widget
71104,bull
71106,norm
71109,category
71111,clamp
71156,assigned
71177,ducted
71190,outer
71202,basic
71212,humidity
71213,recommend
71221,mode
71244,wife
71273,caret
71274,ticket
71285,gae
71292,rip
71377,call
71386,erg
71393,is
71418,reject
71445,adjusted
71496,lies
71506,spinner
71511,responses
71526,pins
71536,floating
71548,enable
71551,owns
71579,dit
71613,nick
71616,however
71621,gold
71711,gies
71722,position
71744,toast
71755,length
71764,medicine
71793,brief
71803,respond
71829,minute
71873,interest
71909,carbon
71910,licence
71940,lining
71951,issues
71964,lops
71971,author
71990,rates
72015,table
72022,function
72032,local
72066,structure
72067,fab
72076,holder
72136,hack
72161,dire
72181,river
72183,finish
72187,exclude
72218,tributes
72220,fully
72260,depending
72306,esters
72312,orb
72392,gratis
72401,updated
72411,unpack
72430,scientific
72460,restart
72475,surf
72497,neck
72534,joined
72540,animations
72553,evaluate
72616,oxy
72633,affiliate
72643,word
72661,actively
72723,picture
72776,boost
72787,shipment
72824,stat
72830,minus
72891,boss
72904,stopped
72930,past
72936,margin
72989,formation
73027,spa
73042,boa
73043,ties
73047,pages
73052,laughter
73055,plate
73070,figure
73090,rounded
73122,adder
73141,composite
73165,numbers
73189,expires
73234,changer
73236,infinity
73266,media
73278,approx
73344,vendor
73345,flowers
73350,fields
73361,elements
73398,sch
73449,heed
73485,fills
73529,measurement
73543,week
73587,ships
73593,shapes
73594,sport
73606,vin
73607,joint
73613,ping
73627,bur
73634,canonical
73655,canvas
73665,know
73666,tet
73672,estimated
73676,arm
73713,plash
73721,alignment
73730,sects
73757,film
73792,help
73808,crate
73822,produce
73823,shelf
73887,menus
73924,occasion
73935,blob
73946,eyes
73967,era
73972,hz
73979,scheduled
74003,awl
74034,crest
74043,nw
74045,increment
74100,answer
74102,selector
74107,raid
74108,very
74147,mediate
74153,frequency
74170,bonus
74173,county
74178,archive
74209,fu
74211,push
74222,host
74234,sword
74245,enabled
74276,purchase
74290,steps
74297,mins
74341,strain
74370,ward
74426,future
74483,pagination
74503,able
74517,sets
74578,making
74580,wins
74598,pet
74615,allow
74629,fin
74632,accepted
74659,results
74664,bounce
74685,usually
74689,me
74697,requires
74714,verbs
74721,community
74748,farm
74752,beautiful
74785,ball
74846,ledge
74882,modify
74883,cite
74905,ria
74914,heap
75006,constraints
75050,mage
75059,failed
75070,plays
75079,classic
75125,boat
75127,etat
75134,washer
75182,vented
75240,executable
75244,mono
75261,blah
75281,nee
75307,scribe
75311,still
75315,activities
75319,friend
75328,easy
75334,interesting
75354,factory
75371,loops
75374,renders
75376,artifact
75395,recent
75402,nth
75473,loop
75513,finite
75535,dec
75553,orang
75588,selling
75618,detect
75620,intros
75622,ripe
75624,meeting
75628,closure
75713,commission
75728,before
75780,really
75806,remain
75815,records
75816,cipher
75846,yar
75856,disconnect
75895,door
75909,lust
75919,later
75925,grade
75935,jab
75944,lush
75962,ray
75974,risk
76004,filters
76005,intelligence
76012,equip
76114,frog
76131,projection
76180,switch
76188,processors
76202,availability
76229,actions
76232,points
76240,bine
76292,borne
76323,owe
76334,trained
76359,damage
76361,house
76399,corner
76400,beck
76416,efficient
76419,learner
76480,announce
76571,including
76587,wand
76593,chart
76600,bled
76611,training
76627,lobby
76628,copyright
76634,bidden
76643,persons
76651,room
76687,grupo
76784,jaw
76801,photos
76805,locker
76813,receiver
76824,dds
76843,previous
76847,fails
76858,attached
76862,aux
76880,cam
76900,folder
76908,below
76957,areas
76995,bucket
77004,crawl
77005,graduate
77060,extract
77095,stellar
77110,owners
77114,internal
77115,award
77125,jr
77146,supported
77152,cyan
77254,unbind
77282,jure
77291,eating
77307,dictions
77317,hoc
77356,trimmed
77363,formatted
77364,une
77371,inner
77430,axon
77441,pour
77481,corn
77517,precision
77526,mother
77584,sticky
77613,weather
77666,secured
77705,devices
77713,nut
77716,anonymous
77755,banana
77760,alerts
77768,mount
77776,engage
77825,pipes
77832,organized
77880,but
77940,hamster
77957,decorate
77974,soup
77976,hit
78032,bum
78091,modules
78124,completed
78152,brightness
78154,attack
78163,problems
78170,head
78171,revolution
78194,choices
78202,helper
78233,transaction
78234,prise
78235,rising
78260,climate
78282,provided
78388,outline
78407,locals
78408,inn
78416,task
78444,verb
78452,management
78470,hay
78476,orientation
78500,prediction
78545,dismiss
78553,final
78567,zig
78601,pants
78627,check
78633,floor
78637,ordo
78650,pod
78659,est
78725,altar
78746,mean
78758,until
78793,ingredient
78813,size
78837,minimum
78846,fix
78854,mention
78880,closest
78883,attachment
78886,member
78900,inking
78913,sty
78954,hop
78966,destroy
78969,asi
78992,etic
78993,daughter
78995,esteem
79025,even
79028,unlock
79059,form
79141,strings
79155,looks
79162,immutable
79198,gle
79217,serve
79241,rift
79267,sizes
79279,converted
79308,account
79338,rices
79342,the
79396,request
79433,align
79439,star
79473,sign
79484,customer
79496,alter
79566,directories
79568,ya
79570,desired
79624,patch
79645,relation
79666,trans
79699,bold
79710,forget
79744,mutation
79751,longitude
79753,cycles
79818,rang
79872,laden
79915,payments
79918,to
79927,lying
80042,applicant
80063,verified
80131,vehicles
80144,alto
80145,weep
80151,aping
80174,thing
80236,entity
80261,explode
80293,placements
80415,you
80423,stamp
80430,stand
80464,moves
80469,border
80476,configure
80479,examples
80512,unable
80520,perm
80561,we
80604,action
80631,copy
80655,qualification
80669,dead
80713,round
80734,nob
80768,tournament
80777,rules
80799,ell
80801,ions
80802,milliseconds
80850,stores
80867,bill
80901,built
80911,listing
80924,gems
80941,model
80972,criminal
80981,th
81012,italic
81013,leading
81073,ledger
81104,news
81148,schools
81154,dish
81187,study
81206,state
81227,cream
81228,be
81272,stash
81280,creator
81290,unset
81310,industry
81315,called
81325,greens
81327,opts
81337,select
81346,override
81393,changing
81461,basis
81462,birth
81466,required
81475,oodles
81478,don
81488,pillar
81521,memory
81532,tracked
81562,nos
81601,whelming
81604,campaign
81621,tracks
81637,registered
81642,redo
81683,schemas
81738,thus
81763,dex
81800,ordinates
81836,matter
81893,cloud
81901,ridden
81914,tat
81918,browser
81922,totals
81933,mans
81939,increase
81980,clinic
81993,preferences
81996,miss
82003,ass
82014,cloak
82021,autos
82022,bear
82029,inputs
82066,planet
82081,jobs
82086,ashes
82089,roe
82113,tool
82118,booking
82127,dots
82136,gent
82138,transition
82190,conciliation
82221,stag
82233,flake
82251,radio
82289,bard
82314,resume
82317,mass
82331,ordinator
82336,resident
82392,appearance
82420,needs
82460,ointments
82465,bam
82469,awning
82503,have
82515,speed
82539,anta
82568,bag
82582,bash
82653,ton
82664,computed
82682,secs
82790,say
82817,lat
82860,haul
82905,tor
82990,caller
83052,bit
83070,woke
83073,controls
83101,indicator
83105,paragraph
83106,constructed
83111,type
83124,address
83141,vary
83168,fusion
83177,poi
83181,lightly
83213,unicorn
83219,predicate
83272,goals
83281,graph
83323,essay
83348,sprite
83358,yon
83368,problem
83477,scopic
83528,maid
83531,sharp
83564,folios
83571,thread
83630,lea
83710,counts
83713,conditional
83742,do
83745,splice
83751,mess
83754,card
83801,staking
83806,pain
83812,clinical
83827,plug
83833,omentum
83835,track
83858,brick
83870,client
83874,tram
83886,heels
83888,quests
83906,eya
83917,bench
83924,oca
83934,rede
84002,extension
84017,square
84081,paint
84176,rotate
84215,sorry
84228,rust
84254,finger
84268,cap
84283,lest
84351,instance
84371,ting
84373,boxing
84377,running
84389,current
84440,effect
84560,continuous
84562,born
84596,fortune
84627,packed
84656,transform
84660,eland
84672,metal
84707,pert
84717,papers
84724,organisms
84772,station
84777,unity
84789,add
84811,titre
84825,mars
84868,fluence
84881,torch
84924,represent
84969,benchmark
84983,tape
84985,ark
84999,queued
85006,ruby
85022,roulette
85086,likely
85093,shots
85107,legal
85123,calculator
85173,bio
85186,leaders
85214,doesn
85227,par
85230,pressed
85273,discussion
85299,football
85304,changed
85327,capabilities
85328,fen
85357,boats
85364,could
85400,aims
85437,handled
85473,knife
85545,create
85563,guide
85571,remember
85578,wrap
85595,peek
85604,cells
85605,ids
85627,modulo
85630,racial
85687,bins
85689,widgets
85697,supply
85708,covers
85763,busters
85773,from
85795,eight
85810,candidate
85852,didn
85869,icky
85882,respect
85916,translations
85934,whose
85943,types
85949,modified
85951,sink
85959,leads
86035,relationships
86053,clause
86054,raises
86059,tone
86071,prompt
86080,chap
86099,sing
86114,wake
86122,gray
86128,outside
86137,bad
86148,accessible
86157,identity
86185,shared
86195,tau
86199,smart
86284,getting
86321,relative
86329,software
86331,boot
86401,slide
86422,dam
86436,fuel
86537,viewer
86541,ointment
86556,skip
86635,collapsed
86652,duc
86658,cook
86665,answers
86708,moth
86761,pars
86769,yer
86778,right
86804,tick
86849,description
86856,count
86874,prefer
86876,guards
86895,resolve
86924,mall
86990,allo
87011,spam
87033,ring
87065,cuts
87141,reinterpret
87156,lash
87163,lag
87175,nard
87183,angled
87195,mission
87205,screens
87211,crew
87216,because
87217,illegal
87219,lowest
87226,holes
87239,ricks
87351,half
87380,union
87401,paging
87461,belongs
87528,own
87531,films
87548,employer
87553,folio
87571,elite
87572,pot
87583,urd
87608,quires
87617,lashes
87654,strict
87659,prepared
87676,access
87695,normalized
87720,palette
87732,evaluation
87755,initial
87820,mental
87909,time
87945,stats
87960,standard
87961,concert
87984,activation
88072,carousel
88120,fonts
88137,bus
88181,attach
88186,nit
88195,vie
88208,lid
88215,consult
88224,ways
88257,platform
88290,embedding
88291,ridge
88293,suspend
88322,mes
88332,interaction
88339,tip
88344,pers
88345,snapshot
88355,kip
88360,arch
88361,diamond
88380,phrase
88386,these
88391,lion
88455,rive
88476,maybe
88522,providers
88536,exec
88572,parable
88577,remaining
88607,conn
88653,alias
88657,orth
88661,log
88696,focused
88710,ideographic
88769,processed
88794,orient
88801,investment
88830,borrow
88848,regular
88899,fair
88939,segue
88960,amount
88964,config
88993,genre
89016,map
89030,partition
89033,collision
89034,train
89043,inform
89045,today
89055,oka
89063,errs
89082,gel
89113,cel
89117,responsive
89148,rightness
89229,cancelled
89269,partners
89294,feature
89297,god
89310,accept
89316,ordination
89361,rights
89372,variably
89378,election
89405,actors
89468,subject
89520,slick
89524,parsed
89554,gulp
89560,listeners
89580,rated
89582,prime
89603,thermal
89648,shall
89689,commercial
89693,theta
89696,ed
89727,hum
89789,hill
89899,ajar
89954,thought
89993,systems
90003,menu
90041,quin
90085,spell
90088,decrypt
90099,itched
90126,ortho
90157,center
90161,categories
90207,name
90227,user
90236,soon
90249,original
90284,quality
90291,chia
90301,kir
90321,uses
90406,placing
90459,pictured
90473,option
90487,club
90491,saved
90500,setter
90557,replacement
90560,lib
90572,approved
90582,cow
90592,kids
90660,balances
90712,clone
90760,casting
90778,dress
90824,western
90832,swagger
90837,eth
90840,domains
90896,smooth
90900,rans
90913,erring
90946,class
90978,ain
90997,ant
91010,levator
91026,cry
91040,thesis
91057,aired
91128,main
91177,touch
91199,using
91206,torrent
91218,listed
91241,refer
91260,place
91278,panic
91284,sett
91341,root
91345,mates
91350,compression
91367,header
91386,glass
91411,among
91447,manage
91472,internet
91484,percent
91497,mar
91568,genes
91594,erase
91660,fern
91693,my
91715,fore
91724,episode
91728,extends
91732,peri
91745,distribution
91759,blade
91781,bias
91793,fly
91794,red
91803,ropy
91823,silver
91862,limits
91905,fresh
91921,candidates
91955,attempt
91968,portion
92007,ends
92013,hotel
92017,agnostic
92021,cool
92038,static
92098,amma
92129,elf
92143,hire
92159,quarter
92163,spent
92190,worthy
92203,icy
92217,car
92243,products
92244,bags
92298,color
92302,throw
92311,leans
92344,artist
92358,political
92373,venting
92389,tokens
92394,clave
92404,comfort
92411,fiber
92414,constructor
92417,capitalize
92421,stalk
92438,chain
92476,omega
92477,horse
92499,ranking
92509,profile
92562,amen
92624,tractive
92627,employment
92653,automatic
92657,overview
92681,notifications
92735,write
92738,season
92785,organ
92802,marked
92805,use
92819,tek
92821,total
92839,integration
92860,wide
92872,urn
92965,drive
93013,consistent
93025,ger
93041,items
93082,button
93084,a
93129,yeah
93154,ship
93189,web
93238,him
93242,managed
93307,dirty
93341,aggregate
93370,rid
93397,subs
93426,foods
93428,tb
93433,agers
93452,buster
93453,rote
93486,bright
93487,oval
93497,checked
93522,follow
93525,lug
93530,tees
93532,sharing
93552,roach
93614,holds
93623,stands
93685,auto
93692,objective
93702,spacer
93706,catalog
93730,editor
93742,parameters
93766,enemy
93773,ewe
93777,rain
93779,diff
93810,pro
93876,bang
93882,hib
93902,transforms
93960,signature
94009,play
94070,edit
94093,invoices
94125,ponder
94209,gor
94227,hover
94231,storms
94281,break
94284,oft
94302,sometimes
94323,felt
94331,wares
94352,optic
94379,fare
94420,countries
94423,blogs
94439,explicit
94488,instead
94514,scopes
94534,dojo
94548,job
94573,marshall
94592,deposit
94602,brands
94637,legend
94649,source
94662,dialogs
94727,ort
94733,develop
94795,hue
94893,utan
94894,modification
94895,pliant
94904,should
94930,fake
94931,mail
94940,eon
94992,proxy
95004,merged
95005,clip
95026,yum
95051,crit
95082,tiles
95132,organisation
95136,emotion
95145,bib
95194,ellipsis
95231,assert
95238,lip
95291,crime
95311,rule
95355,evil
95370,ownership
95388,two
95423,valor
95430,marketing
95434,ground
95462,destination
95486,conditions
95492,escort
95516,component
95517,paste
95526,subscriptions
95549,going
95581,unordered
95599,women
95656,players
95671,contracts
95680,remainder
95687,cord
95731,any
95761,spring
95762,umbo
95779,experiment
95790,timer
95791,ending
95795,repair
95814,stripe
95847,proper
95874,bond
95903,sun
95922,temp
95947,registry
95962,register
95975,scoped
96002,restricted
96006,implement
96055,disciplinary
96065,import
96087,ll
96095,goods
96136,presentation
96168,need
96203,recipes
96228,glob
96236,lets
96252,water
96253,hope
96292,chemistry
96320,print
96328,coil
96334,digits
96337,used
96343,bed
96444,hopefully
96450,bounding
96455,external
96464,cards
96472,ran
96488,container
96503,ailing
96506,active
96533,jest
96541,visibility
96564,at
96589,which
96599,deny
96611,ordinary
96654,min
96687,settings
96708,archives
96733,abort
96752,has
96771,withstanding
96875,lasting
96903,platz
96913,scar
96940,commerce
96954,hound
96972,dimensions
97001,tested
97073,quad
97116,altitude
97123,inclusive
97135,chlor
97214,event
97227,windows
97234,
97343,zag
97362,prof
97393,shan
97406,mares
97443,titles
97444,covering
97445,passed
97447,graphs
97455,departments
97462,info
97467,bounded
97485,jour
97488,stride
97503,recur
97535,plan
97557,umber
97562,resources
97617,alternative
97724,hammer
97781,show
97816,trail
97839,minor
97851,motion
97852,ick
97859,pen
97906,operation
97917,takes
97930,white
98105,alternate
98176,returns
98225,lain
98229,issue
98258,siblings
98264,posing
98293,dark
98302,dale
98325,grass
98343,versions
98358,arguments
98478,primer
98507,opacity
98516,relations
98537,three
98543,strong
98555,waters
98559,kart
98582,tabla
98610,rut
98618,following
98627,strategy
98632,reek
98675,set
98697,psych
98726,dispose
98737,outlined
98839,existing
98884,profession
98892,prepare
98902,connections
98913,extern
98954,avatar
99032,pieces
99143,terrain
99173,weights
99241,classed
99259,mut
99300,chains
99325,virtual
99336,religious
99378,reflect
99385,as
99417,quo
99466,leasing
99467,area
99474,append
99482,unless
99522,less
99528,mg
99530,medical
99539,dm
99573,gal
99589,appeared
99597,human
99611,mill
99638,outing
99654,gang
99695,deploy
99696,optimized
99698,spy
99799,duration
99816,necessary
99843,battery
99857,define
99866,may
99887,ages
99902,emails
99909,shaft
99939,sponsor
99941,signal
99957,broken
99967,snippet
99972,resource
100001,without
100012,dense
100038,emphasis
100052,juries
100063,brew
100069,queue
100127,annotations
100134,packing
100150,junction
100165,rat
100169,grown
100176,ore
100228,brace
100241,bugs
100270,someone
100285,lox
100328,validate
100330,iced
100341,mw
100351,teams
100403,peon
100430,moved
100439,walking
100449,school
100491,animation
100533,routing
100537,peer
100549,thank
100556,remarks
100576,flag
100594,allele
100608,lasses
100623,productive
100638,mad
100669,flutter
100705,traditional
100716,joy
100739,aways
100740,vor
100741,usage
100789,dock
100794,cation
100822,exercise
100879,nickname
100895,avers
100909,roots
100923,second
100950,duct
100959,scratch
100976,rob
100985,capacity
100997,rape
101011,guild
101020,caster
101021,technical
101048,arrow
101073,music
101090,received
101104,more
101106,default
101146,throws
101160,fila
101183,debug
101184,apses
101189,nature
101192,street
101205,underscore
101244,rose
101271,balance
101272,lad
101302,wash
101306,processing
101331,perfect
101332,distance
101338,cycle
101357,between
101362,pa
101379,stick
101398,decay
101405,aper
101445,burger
101463,existence
101511,encrypt
101512,coli
101518,writer
101538,cup
101555,locked
101591,thinking
101615,compressed
101620,note
101638,weed
101677,spread
101692,tot
101695,watch
101753,ane
101823,inherits
101827,ports
101888,ales
101890,effective
101920,queues
102002,reason
102135,think
102168,might
102176,peed
102177,habit
102185,currently
102202,actor
102234,stations
102244,ash
102249,stops
102252,cod
102273,dz
102309,audio
102327,pell
102363,coordinate
102366,claims
102400,movies
102429,containers
102435,rapped
102439,employee
102448,fan
102450,filter
102455,icon
102460,ease
102510,recipient
102530,cargo
102548,rapid
102577,lot
102580,estate
102584,exact
102592,cell
102611,operators
102649,share
102677,paced
102695,checker
102711,commit
102759,shire
102764,unlikely
102792,development
102794,angered
102816,ogle
102835,limitations
102874,hints
102877,strand
102895,fixed
102899,light
102971,venues
103003,his
103016,warn
103042,amide
103050,wish
103072,licit
103073,lobs
103076,flow
103112,constitution
103130,direction
103182,simulate
103187,bone
103200,slashes
103221,anal
103269,maintenance
103277,pickle
103323,cha
103329,six
103355,man
103402,animated
103411,reds
103419,ism
103444,paired
103499,care
103506,bar
103534,gen
103568,vine
103587,sequences
103602,antic
103622,ants
103626,wolf
103675,inject
103682,gift
103710,cookies
103741,anga
103752,solution
103770,hospital
103771,little
103810,kos
103844,departure
103848,apt
103850,filled
103851,meteor
103903,adores
103924,press
103949,gam
103957,eft
103961,offset
104011,visor
104015,contain
104042,hausen
104046,aside
104057,events
104063,losing
104065,tons
104066,schedule
104070,good
104125,trigger
104133,enter
104146,insert
104148,performance
104169,article
104170,family
104280,reasonable
104301,fox
104308,tabs
104341,gradation
104359,primitive
104368,writes
104395,rep
104416,cause
104417,lung
104429,koa
104488,seed
104516,onto
104583,amp
104610,export
104624,mixed
104726,gear
104792,authenticate
104799,prises
104802,companies
104808,coma
104813,illus
104817,hem
104845,gie
104854,expression
104937,experience
104949,heel
104950,invoke
104960,fold
104967,service
104985,gradient
104986,mag
105001,hair
105010,copies
105040,ack
105050,beer
105058,indent
105127,multiply
105169,critical
105200,drug
105217,sales
105223,rot
105242,tight
105257,tempts
105279,mentation
105283,positive
105289,guest
105312,lichen
105318,awe
105337,steady
105359,images
105370,expanded
105389,ordinated
105443,dad
105484,facts
105505,odes
105520,marker
105554,updating
105609,rad
105646,reservation
105648,yd
105652,weighted
105662,bling
105763,lazy
105787,creating
105788,quest
105790,victim
105817,least
105835,liked
105836,theory
105860,contexts
105863,ethyl
105866,usher
105876,privation
105893,attribute
105894,lead
105918,compute
105924,hidden
105983,abet
106012,port
106015,protected
106018,comp
106033,alarm
106037,dated
106042,existent
106068,hrs
106086,likelihood
106115,cross
106166,sticks
106173,unchecked
106179,gran
106190,cop
106192,hello
106201,peak
106239,semester
106241,editable
106296,find
106304,numeric
106323,ingle
106353,patients
106400,look
106439,hex
106443,swap
106470,ref
106483,quite
106484,dance
106493,decor
106502,pub
106519,post
106540,amble
106575,or
106598,lags
106619,eking
106627,suppress
106646,career
106648,excel
106668,serialize
106675,structured
106676,prices
106715,put
106726,keep
106743,interface
106758,hydrate
106805,execute
106829,noticed
106836,magic
106839,owl
106840,mens
106855,oil
106865,curl
106870,vet
106897,qua
106903,fun
106925,exists
106971,slug
106978,status
107051,chief
107054,equipment
107154,lessons
107193,issuer
107205,scripts
107214,rats
107220,ambiguous
107250,shop
107262,bid
107284,rename
107313,kept
107330,contador
107336,arts
107344,maker
107346,pun
107360,shipping
107361,needle
107364,portal
107415,capital
107440,decimal
107480,powers
107489,playing
107493,reward
107510,forma
107519,labels
107528,combination
107531,accent
107556,dependence
107584,games
107590,doctrine
107593,conditionally
107618,schema
107680,body
107737,activate
107753,version
107766,
107830,tv
107868,market
107884,horizontal
107887,refs
107908,left
107942,hear
107948,und
107986,hits
108023,electronics
108053,aged
108058,subset
108070,trim
108082,her
108116,bat
108154,customers
108163,forward
108170,cept
108203,sequence
108212,splash
108219,dr
108234,float
108242,shine
108289,nets
108309,reports
108315,recall
108368,locate
108380,anova
108389,video
108398,cols
108478,punk
108485,operations
108487,embed
108510,oyer
108514,orphic
108516,sexy
108536,theme
108557,fur
108571,plane
108589,tutorial
108594,dream
108629,abbreviation
108655,delegate
108656,serie
108665,den
108673,assets
108687,brook
108735,allee
108736,avian
108737,annotate
108774,decoder
108781,payer
108813,publisher
108833,package
108858,bearing
108866,derived
108874,sterol
108895,ament
108916,gamma
108948,pending
108967,forming
109004,questions
109031,quiet
109033,search
109059,syntax
109085,acute
109096,system
109104,multiple
109117,expired
109125,arms
109131,summer
109159,reopen
109185,scroll
109208,grading
109212,drag
109280,higher
109317,minimal
109323,structures
109334,depart
109339,documents
109358,cases
109379,git
109394,vert
109395,population
109403,input
109419,banks
109445,bridge
109472,recommended
109512,students
109515,above
109523,purple
109536,both
109537,sp
109546,king
